use Movistar;

INSERT INTO bonificaciones (Nombre, Descripcion, Estado, Fecha_inicio, Fecha_fin) VALUES
    ('Mega Jueves', 'Doble de datos el jueves', 'Expirada', '2024-03-28', '2024-03-28'),
    ('Viernes de Películas', '3 meses de Disney+ gratis', 'Pendiente', '2024-04-19', '2024-04-19'),
    ('Fin de Semana Extendido', 'Internet móvil ilimitado', 'Expirada', '2024-04-06', '2024-04-08'),
    ('Happy Hour', 'Llamadas a cualquier red sin costo', 'Pendiente', '2024-04-21', '2024-04-21'),
    ('Día del Niño', 'Regalos sorpresa para niños', 'Expirada', '2024-04-30', '2024-04-30'),
    ('Semana del Medio Ambiente', 'Descuento en equipos ecológicos', 'Pendiente', '2024-05-06', '2024-05-12'),
    ('Miércoles de Música', 'Spotify Premium gratis', 'Expirada', '2024-03-27', '2024-03-27'),
    ('Fin de Mes', '10% de descuento en la próxima factura', 'Pendiente', '2024-04-30', '2024-04-30'),
    ('Jueves de Juegos', '50% de descuento en juegos móviles', 'Expirada', '2024-03-21', '2024-03-21'),
    ('Sábados Sociales', 'SMS ilimitados a redes sociales', 'Pendiente', '2024-04-20', '2024-04-20'),
    ('Domingo Relax', 'Internet ilimitado para streaming', 'Expirada', '2024-03-31', '2023-03-31'),
    ('Semana Santa', '500MB extra diarios', 'Pendiente', '2024-04-02', '2024-04-08'),
    ('Día de la Madre', 'Llamadas a madres gratis', 'Expirada', '2024-03-02', '2024-03-02'),
    ('Mes del Estudiante', 'Descuento en planes', 'Pendiente', '2024-04-01', '2024-04-30'),
    ('Cyber Monday', 'Descuentos en equipos', 'Expirada', '2023-11-26', '2023-11-26'),
    ('Black Friday', 'Ofertas especiales en accesorios', 'Pendiente', '2024-11-23', '2024-11-23'),
    ('Navidad', 'Regalos sorpresa', 'Expirada', '2023-12-25', '2023-12-25'),
    ('Año Nuevo', 'Minutos ilimitados a fijos', 'Pendiente', '2024-01-01', '2024-01-01'),
    ('San Valentín', 'Datos extra para compartir', 'Expirada', '2024-02-14', '2024-02-14'),
    ('Día del Padre', 'Llamadas a padres gratis', 'Pendiente', '2024-06-16', '2024-06-16'),
    ('Verano', 'Roaming gratis en destinos seleccionados', 'Expirada', '2023-07-01', '2023-08-31'),
    ('Invierno', 'Descuentos en planes de hogar', 'Pendiente', '2024-06-21', '2024-09-21'),
    ('Mega Viernes', 'Doble de datos el viernes', 'Expirada', '2024-03-29', '2024-03-29'),
    ('Lunes de Cine', '3 meses de HBO Max gratis', 'Pendiente', '2024-04-22', '2024-04-22'),
    ('Semana Santa Extendida', 'Internet móvil ilimitado', 'Expirada', '2024-04-09', '2024-04-11'),
    ('Hora Feliz Nocturna', 'Llamadas a cualquier red sin costo', 'Pendiente', '2024-04-22', '2024-04-22'),
    ('Día del Libro', 'Descuentos en eBooks', 'Expirada', '2024-04-23', '2024-04-23'),
    ('Semana del Medio Ambiente', 'Descuento en equipos ecológicos', 'Pendiente', '2024-05-06', '2024-05-12'),
    ('Miércoles de Música', 'Spotify Premium gratis', 'Expirada', '2024-03-27', '2024-03-27'),
    ('Fin de Mes', '10% de descuento en la próxima factura', 'Pendiente', '2024-04-30', '2024-04-30'),
    ('Jueves de Juegos', '50% de descuento en juegos móviles', 'Expirada', '2024-03-21', '2024-03-21'),
    ('Sábados Sociales', 'SMS ilimitados a redes sociales', 'Pendiente', '2024-04-20', '2024-04-20'),
    ('Domingo Relax', 'Internet ilimitado para streaming', 'Expirada', '2024-03-31', '2023-03-31'),
    ('Semana Santa', '500MB extra diarios', 'Pendiente', '2024-04-02', '2024-04-08'),
    ('Día de la Madre', 'Llamadas a madres gratis', 'Expirada', '2024-03-02', '2024-03-02'),
    ('Mes del Estudiante', 'Descuento en planes', 'Pendiente', '2024-04-01', '2024-04-30'),
    ('Cyber Monday', 'Descuentos en equipos', 'Expirada', '2023-11-26', '2023-11-26'),
    ('Black Friday', 'Ofertas especiales en accesorios', 'Pendiente', '2024-11-23', '2024-11-23'),
    ('Navidad', 'Regalos sorpresa', 'Expirada', '2023-12-25', '2023-12-25'),
    ('Año Nuevo', 'Minutos ilimitados a fijos', 'Pendiente', '2024-01-01', '2024-01-01'),
    ('San Valentín', 'Datos extra para compartir', 'Expirada', '2024-02-14', '2024-02-14'),
    ('Día del Padre', 'Llamadas a padres gratis', 'Pendiente', '2024-06-16', '2024-06-16'),
    ('Verano', 'Roaming gratis en destinos seleccionados', 'Expirada', '2023-07-01', '2023-08-31'),
    ('Invierno', 'Descuentos en planes de hogar', 'Pendiente', '2024-06-21', '2024-09-21'),
    ('Primavera', 'Datos extra para redes sociales', 'Pendiente', '2024-03-21', '2024-06-21'),
    ('Otoño', 'Descuentos en accesorios', 'Expirada', '2023-09-22', '2023-12-21'),
    ('Cumpleaños', '1GB de regalo', 'Pendiente', '2024-05-15', '2024-05-15'),
    ('Aniversario', 'Descuento en la cuota mensual', 'Expirada', '2024-04-10', '2024-04-10'),
    ('Referir a un amigo', 'Bonificación en la factura', 'Pendiente', '2024-05-01', '2024-05-31'),
    ('Noche de Juegos', '50% de descuento en juegos online', 'Expirada', '2024-03-22', '2024-03-22'),
    ('Día del Gamer', 'Acceso a juegos exclusivos', 'Pendiente', '2024-06-29', '2024-06-29'),
    ('Semana del Cine', 'Entradas de cine gratis', 'Expirada', '2024-04-12', '2024-04-18'),
    ('Mes de la Música', 'Conciertos virtuales gratis', 'Pendiente', '2024-05-01', '2024-05-31'),
    ('Día del Trabajador', 'Descuento en planes empresariales', 'Expirada', '2024-05-01', '2024-05-01'),
    ('Verano en la Ciudad', 'Datos extra para navegación', 'Pendiente', '2024-06-15', '2024-08-15'),
    ('Invierno en Casa', 'Descuentos en dispositivos inteligentes', 'Expirada', '2024-12-21', '2025-03-21'),
    ('Primavera en Flor', 'Ramos de flores virtuales', 'Pendiente', '2024-03-21', '2024-06-21'),
    ('Otoño en Familia', 'Planes familiares con descuento', 'Expirada', '2023-09-22', '2023-12-21');
    
    
INSERT INTO clientes (Nombre1, Nombre2, Apellido1, Apellido2, Cedula, Telefono, Direccion, Ciudad, Sexo, Correo, id_bonificaciones) VALUES
	('Carlos', 'Eduardo', 'Martínez', 'García', '1023545698', '3155689032', 'Calle 56 # 18-34', 'Bogotá', 'M', 'carlos.martinez@gmail.com', 1),
	('Laura', 'María', 'Rodríguez', 'Pérez', '1032456789', '3147890654', 'Carrera 7 # 45-12', 'Medellín', 'F', 'laura.rodriguez@hotmail.com', null),
	('Andrés', 'Felipe', 'Gómez', 'López', '1024573896', '3004567891', 'Calle 45 # 10-08', 'Cali', 'M', 'andres.gomez@outlook.com', 3),
	('Juliana', 'Alejandra', 'Suárez', 'Mendoza', '1045678901', '3205432100', 'Calle 23 # 54-12', 'Barranquilla', 'F', 'juliana.suarez@gmail.com', 4),
	('Juan', 'David', 'Hernández', 'Martínez', '1023678902', '3156547896', 'Avenida 68 # 7-98', 'Bogotá', 'M', 'juan.hernandez@hotmail.com', 1),
	('Valentina', 'Sofía', 'Ramírez', 'Vásquez', '1042345678', '3161234567', 'Carrera 56 # 32-11', 'Medellín', 'F', 'valentina.ramirez@gmail.com', 2),
	('Carlos', 'Antonio', 'Díaz', 'Salazar', '1033456789', '3159876543', 'Calle 34 # 29-16', 'Cali', 'M', 'carlos.diaz@outlook.com', 3),
	('Ana', 'Lucía', 'Torres', 'Ríos', '1067890123', '3112345678', 'Calle 10 # 58-34', 'Barranquilla', 'F', 'ana.torres@hotmail.com', 4),
	('Diego', 'Fernando', 'Mora', 'González', '1023574910', '3009876543', 'Avenida 19 # 25-60', 'Pereira', 'M', 'diego.mora@gmail.com', null),
	('Margarita', 'Beatriz', 'Castro', 'Herrera', '1045612345', '3198765432', 'Carrera 20 # 11-76', 'Cúcuta', 'F', 'margarita.castro@gmail.com', 2),
	('Luis', 'Eduardo', 'Ramírez', 'Gómez', '1053456789', '3158765432', 'Calle 33 # 21-14', 'Bucaramanga', 'M', 'luis.ramirez@hotmail.com', 3),
	('Cristina', 'María', 'Vega', 'Jiménez', '1032345678', '3123456789', 'Calle 57 # 45-90', 'Medellín', 'F', 'cristina.vega@gmail.com', 4),
	('Pedro', 'Antonio', 'Ortiz', 'Martínez', '1025478963', '3142345678', 'Carrera 12 # 30-45', 'Cali', 'M', 'pedro.ortiz@hotmail.com', 1),
	('Sofía', 'Lucía', 'Paredes', 'Rodríguez', '1045678912', '3115678923', 'Avenida 70 # 16-12', 'Cartagena', 'F', 'sofia.paredes@gmail.com', 2),
	('Ricardo', 'Hernán', 'Chávez', 'Morales', '1032587412', '3208765432', 'Carrera 10 # 12-34', 'Cali', 'M', 'ricardo.chavez@outlook.com', 3),
	('Gabriela', 'Marina', 'Sánchez', 'González', '1062345678', '3144567890', 'Calle 8 # 10-45', 'Pasto', 'F', 'gabriela.sanchez@gmail.com', 4),
	('Fernando', 'Álvaro', 'López', 'Cifuentes', '1073456789', '3001234567', 'Calle 16 # 50-20', 'Villavicencio', 'M', 'fernando.lopez@hotmail.com', 1),
	('Patricia', 'Elena', 'González', 'Ramírez', '1036758490', '3187654321', 'Carrera 32 # 22-10', 'Bogotá', 'F', 'patricia.gonzalez@gmail.com', 2),
	('Luis', 'Carlos', 'Castilla', 'Sierra', '1045874213', '3201122334', 'Avenida 39 # 11-18', 'Medellín', 'M', 'luis.castilla@hotmail.com', 3),
	('Mónica', 'Fernanda', 'Martínez', 'Escobar', '1034579821', '3156782345', 'Calle 44 # 25-40', 'Cali', 'F', 'monica.martinez@gmail.com', 4),
	('Carlos', 'Enrique', 'Gómez', 'Torres', '1056789101', '3195432100', 'Calle 11 # 40-90', 'Barranquilla', 'M', 'carlos.gomez@hotmail.com', 1),
	('Isabel', 'Cristina', 'Fuentes', 'Salazar', '1078123456', '3206789456', 'Calle 17 # 15-38', 'Cúcuta', 'F', 'isabel.fuentes@gmail.com', null),
	('Eduardo', 'Felipe', 'Rojas', 'Méndez', '1041245789', '3001234567', 'Carrera 60 # 10-15', 'Pereira', 'M', 'eduardo.rojas@outlook.com', 3),
	('Andrea', 'Paola', 'Rodríguez', 'Montoya', '1069876543', '3116789023', 'Calle 22 # 13-58', 'Medellín', 'F', 'andrea.rodriguez@gmail.com', 4),
	('Felipe', 'Alberto', 'Moreno', 'Díaz', '1023465789', '3157654321', 'Calle 25 # 24-40', 'Bogotá', 'M', 'felipe.moreno@hotmail.com', 1),
	('Natalia', 'Carolina', 'Martínez', 'Vega', '1058765432', '3187654321', 'Carrera 60 # 30-11', 'Barranquilla', 'F', 'natalia.martinez@gmail.com', null),
	('Adriana', 'Liliana', 'Pérez', 'Rodríguez', '1063245789', '3112345678', 'Avenida 3 # 4-90', 'Cartagena', 'F', 'adriana.perez@gmail.com', 3),
	('José', 'Antonio', 'Fernández', 'Cano', '1072345678', '3202345678', 'Calle 44 # 12-30', 'Manizales', 'M', 'jose.fernandez@outlook.com', 4),
	('María', 'Fernanda', 'Díaz', 'Jiménez', '1024785632', '3154321098', 'Carrera 5 # 8-22', 'Cali', 'F', 'maria.diaz@gmail.com', 1),
	('Sebastián', 'Antonio', 'García', 'Ríos', '1032345678', '3001122334', 'Calle 9 # 34-21', 'Medellín', 'M', 'sebastian.garcia@outlook.com', 2),
	('Alejandra', 'Elena', 'Soto', 'Morales', '1043985678', '3206549876', 'Carrera 8 # 7-34', 'Bogotá', 'F', 'alejandra.soto@gmail.com', 3),
	('Carlos', 'Manuel', 'Ortiz', 'Gómez', '1063456789', '3157654321', 'Avenida 13 # 19-45', 'Barranquilla', 'M', 'carlos.ortiz@hotmail.com', 4),
	('Lucía', 'Fernanda', 'Bravo', 'Mendoza', '1056123456', '3145678901', 'Calle 29 # 5-12', 'Pereira', 'F', 'lucia.bravo@gmail.com', null),
	('Álvaro', 'Eduardo', 'Cabrera', 'Vega', '1023764510', '3112345678', 'Calle 37 # 24-14', 'Bucaramanga', 'M', 'alvaro.cabrera@gmail.com', 2),
	('Carolina', 'Vanessa', 'Suárez', 'Chávez', '1067896543', '3192345678', 'Carrera 15 # 20-30', 'Medellín', 'F', 'carolina.suarez@outlook.com', 3),
	('David', 'Ricardo', 'González', 'Rivera', '1024957623', '3004321098', 'Calle 20 # 10-15', 'Cali', 'M', 'david.gonzalez@gmail.com', 4),
	('Mariana', 'Paola', 'Vásquez', 'Escobar', '1074562310', '3142345678', 'Carrera 22 # 7-43', 'Cúcuta', 'F', 'mariana.vasquez@hotmail.com', 1),
	('Martín', 'Felipe', 'Alvarez', 'Castro', '1067854231', '3206549876', 'Calle 12 # 45-20', 'Barranquilla', 'M', 'martin.alvarez@gmail.com', 2),
	('Sandra', 'María', 'Navarro', 'Gómez', '1038765432', '3008765432', 'Carrera 3 # 16-28', 'Pasto', 'F', 'sandra.navarro@gmail.com', 3),
	('Oscar', 'Eduardo', 'Álvarez', 'Rivas', '1052123456', '3193456789', 'Calle 7 # 18-45', 'Villavicencio', 'M', 'oscar.alvarez@gmail.com', 4),
	('María', 'Antonia', 'Martínez', 'Paredes', '1034657890', '3117654321', 'Carrera 28 # 13-14', 'Cali', 'F', 'maria.martinez@hotmail.com', 1),
	('Carlos', 'Alberto', 'Reyes', 'Fernández', '1068745632', '3147896543', 'Calle 30 # 8-20', 'Pereira', 'M', 'carlos.reyes@gmail.com', 2),
	('Esteban', 'Antonio', 'Gómez', 'Vásquez', '1072345987', '3201234567', 'Carrera 40 # 22-30', 'Medellín', 'M', 'esteban.gomez@hotmail.com', 3),
	('Carolina', 'Sofía', 'Martínez', 'Suárez', '1063547841', '3118765432', 'Calle 50 # 10-13', 'Cúcuta', 'F', 'carolina.martinez@outlook.com', 4),
	('José', 'Luis', 'Hernández', 'Gómez', '1073546789', '3141122334', 'Calle 26 # 18-23', 'Cali', 'M', 'jose.hernandez@gmail.com', 1),
	('Santiago', 'Manuel', 'Rivera', 'Martínez', '1023456789', '3008765432', 'Carrera 20 # 7-80', 'Medellín', 'M', 'santiago.rivera@hotmail.com', 2),
	('Lina', 'María', 'Gómez', 'Martínez', '1043567890', '3187654321', 'Avenida 6 # 12-67', 'Barranquilla', 'F', 'lina.gomez@gmail.com', 3),
	('Tomás', 'Álvaro', 'Suárez', 'Bermúdez', '1067892345', '3121234567', 'Calle 44 # 24-12', 'Cúcuta', 'M', 'tomas.suarez@hotmail.com', 4),
	('Karen', 'Yuliana', 'Rodríguez', 'Pinto', '1054789632', '3112345678', 'Carrera 15 # 17-22', 'Pasto', 'F', 'karen.rodriguez@gmail.com', 1),
	('Ricardo', 'Ángel', 'Salazar', 'Vega', '1022345678', '3207654321', 'Calle 12 # 10-14', 'Manizales', 'M', 'ricardo.salazar@hotmail.com', 2);
    
    
INSERT INTO historico_fidelizacion (id_cliente, Fecha_registro1, tipo_cliente, Fecha_ultimo_registro, Cantidad_interacciones) VALUES
(1, '2024-01-15', 'Leal', '2025-01-01', 12),
(2, '2024-03-01', 'Inactivo', '2024-05-02', 2),
(3, '2024-05-20', 'Leal', '2025-01-05', 8),
(4, '2024-04-10', 'Leal', '2025-01-03', 15),
(5, '2024-06-01', 'Nuevo', '2025-01-04', 1),
(6, '2024-07-15', 'Leal', '2025-01-01', 10),
(7, '2024-08-20', 'Nuevo', '2025-01-06', 3),
(8, '2024-09-05', 'Leal', '2025-01-01', 6),
(9, '2024-07-05', 'Leal', '2025-01-05', 13),
(10, '2024-10-10', 'Nuevo', '2025-01-02', 1),
(11, '2024-01-18', 'Leal', '2025-06-01', 18),
(12, '2024-02-28', 'Inactivo', '2024-03-01', 0),
(13, '2024-06-12', 'Leal', '2025-01-07', 7),
(14, '2024-08-21', 'Nuevo', '2025-01-03', 2),
(15, '2024-11-10', 'Leal', '2025-01-02', 9),
(16, '2024-03-15', 'Inactivo', '2024-10-10', 0),
(17, '2024-04-01', 'Nuevo', '2025-01-06', 1),
(18, '2024-06-06', 'Leal', '2025-01-07', 5),
(19, '2024-05-10', 'Leal', '2025-01-01', 20),
(20, '2024-07-01', 'Leal', '2025-01-04', 11),
(21, '2024-08-12', 'Nuevo', '2025-01-08', 2),
(22, '2024-01-25', 'Leal', '2025-01-06', 14),
(23, '2024-02-10', 'Leal', '2025-01-03', 8),
(24, '2024-05-25', 'Leal', '2025-01-02', 9),
(25, '2024-10-01', 'Nuevo', '2025-01-07', 3),
(26, '2024-03-28', 'Leal', '2025-01-01', 17),
(27, '2024-04-30', 'Leal', '2025-01-05', 4),
(28, '2024-07-19', 'Nuevo', '2025-01-09', 1),
(29, '2024-05-02', 'Leal', '2025-01-01', 12),
(30, '2024-03-10', 'Leal', '2025-01-04', 6),
(31, '2024-08-28', 'Leal', '2025-01-02', 10),
(32, '2024-06-05', 'Nuevo', '2025-01-10', 2),
(33, '2024-11-15', 'Leal', '2025-01-01', 25),
(34, '2024-09-25', 'Nuevo', '2025-01-06', 1),
(35, '2024-02-05', 'Inactivo', '2024-09-20', 0),
(36, '2024-04-18', 'Leal', '2025-01-03', 12),
(37, '2024-10-15', 'Nuevo', '2025-01-01', 1),
(38, '2024-03-08', 'Leal', '2025-01-07', 13),
(39, '2024-07-10', 'Leal', '2025-01-01', 9),
(40, '2024-09-15', 'Nuevo', '2025-01-05', 2),
(41, '2024-05-08', 'Leal', '2025-01-09', 6),
(42, '2024-10-20', 'Leal', '2025-01-01', 10),
(43, '2024-07-03', 'Leal', '2025-01-02', 7),
(44, '2024-08-08', 'Nuevo', '2025-01-06', 2),
(45, '2024-11-01', 'Leal', '2025-01-08', 14),
(46, '2024-02-18', 'Leal', '2025-01-01', 20),
(47, '2024-05-30', 'Nuevo', '2025-01-07', 3),
(48, '2024-03-20', 'Leal', '2025-01-05', 15),
(49, '2024-08-22', 'Leal', '2025-01-02', 18),
(50, '2024-09-01', 'Leal', '2025-01-03', 22);

INSERT INTO Dispositivos (modelo, imei, tipo, marca) VALUES
('Samsung Galaxy S24', '358234877712345', 'Smartphone', 'Samsung'),
('iPhone 15 Pro Max', '356934877712234', 'Smartphone', 'Apple'),
('Xiaomi Redmi Note 13', '358234877721345', 'Smartphone', 'Xiaomi'),
('Huawei P60 Pro', '358234877734567', 'Smartphone', 'Huawei'),
('Motorola Edge 40', '358234877765432', 'Smartphone', 'Motorola'),
('iPad Pro 11 2023', '356934877833334', 'Tablet', 'Apple'),
('Samsung Galaxy Tab S8', '358234877722443', 'Tablet', 'Samsung'),
('Microsoft Surface Pro 9', '359234877883322', 'Tablet', 'Microsoft'),
('Lenovo Tab P11', '354234877722232', 'Tablet', 'Lenovo'),
('Sony Xperia 1 IV', '358234877712556', 'Smartphone', 'Sony'),
('LG Velvet', '356934877899123', 'Smartphone', 'LG'),
('Nokia G400', '358234877711223', 'Smartphone', 'Nokia'),
('Google Pixel 8', '358234877721932', 'Smartphone', 'Google'),
('Samsung Galaxy Z Fold 5', '358234877789013', 'Smartphone', 'Samsung'),
('iPhone 14', '356934877777134', 'Smartphone', 'Apple'),
('Motorola G Stylus 2023', '358234877775234', 'Smartphone', 'Motorola'),
('Samsung The Frame 75"', '352234877723567', 'Televisor', 'Samsung'),
('LG OLED 65"', '358234877711454', 'Televisor', 'LG'),
('Sony Bravia XR 55"', '354234877998877', 'Televisor', 'Sony'),
('Samsung QLED 65"', '358234877991223', 'Televisor', 'Samsung'),
('TCL 50P735', '358234877812345', 'Televisor', 'TCL'),
('Xiaomi Mi TV 4K 55"', '358234877910121', 'Televisor', 'Xiaomi'),
('Hisense U7H 65"', '358234877912345', 'Televisor', 'Hisense'),
('Nokia Smart TV 43"', '358234877922345', 'Televisor', 'Nokia'),
('Amazon Fire TV Stick 4K', '358234877934234', 'Dispositivo de Streaming', 'Amazon'),
('Google Chromecast 4K', '358234877951221', 'Dispositivo de Streaming', 'Google'),
('Apple TV 4K', '358234877979234', 'Dispositivo de Streaming', 'Apple'),
('Roku Streaming Stick+', '358234877967123', 'Dispositivo de Streaming', 'Roku'),
('Apple Watch Ultra', '356934877712112', 'Reloj Inteligente', 'Apple'),
('Samsung Galaxy Watch 6', '358234877723211', 'Reloj Inteligente', 'Samsung'),
('Xiaomi Mi Band 8', '358234877743354', 'Pulsera Inteligente', 'Xiaomi'),
('Huawei Watch GT 4', '358234877788743', 'Reloj Inteligente', 'Huawei'),
('Acer Chromebook Spin 714', '356934877779322', 'Laptop', 'Acer'),
('HP Spectre x360 14', '358234877723432', 'Laptop', 'HP'),
('Lenovo ThinkPad X1', '358234877734564', 'Laptop', 'Lenovo'),
('Dell XPS 13', '358234877751234', 'Laptop', 'Dell'),
('Google Nest Hub 2nd Gen', '358234877765843', 'Dispositivo Inteligente', 'Google'),
('Amazon Echo Show 10', '358234877776945', 'Dispositivo Inteligente', 'Amazon'),
('Samsung Galaxy SmartTag', '358234877787654', 'Dispositivo Inteligente', 'Samsung'),
('Xiaomi Mi Smart Home Hub', '358234877798761', 'Dispositivo Inteligente', 'Xiaomi'),
('Bose SoundLink Flex', '358234877801224', 'Altavoz Bluetooth', 'Bose'),
('Sony WH-1000XM5', '358234877811234', 'Auriculares Bluetooth', 'Sony'),
('JBL Flip 6', '358234877825431', 'Altavoz Bluetooth', 'JBL'),
('Apple AirPods Pro 2', '356934877855432', 'Auriculares Bluetooth', 'Apple'),
('Sony PlayStation 5', '358234877866234', 'Consola de Videojuegos', 'Sony'),
('Xbox Series X', '358234877877654', 'Consola de Videojuegos', 'Microsoft'),
('Nintendo Switch OLED', '358234877888753', 'Consola de Videojuegos', 'Nintendo'),
('Amazon Fire TV Stick Lite', '358234877889900', 'Dispositivo de Streaming', 'Amazon'),
('Huawei MateBook D 15', '358234877890111', 'Laptop', 'Huawei'),
('Xiaomi Mi Notebook Pro 14', '358234877912111', 'Laptop', 'Xiaomi');


INSERT INTO servicios (Nombre, Descripcion, Estado, Precio, Tipo, id_dispositivos) VALUES
('Movistar Fijo', 'Servicio de línea fija con llamadas nacionales e internacionales.', 'Activo', 100, 'Fijo', 1),
('Movistar Hogar', 'Plan de internet para tu hogar con velocidad de hasta 500 Mbps.', 'Activo', 250, 'Internet', 2),
('Movistar TV', 'Servicio de televisión por cable con más de 150 canales.', 'Activo', 180, 'TV', 3),
('Movistar Total', 'Combina internet, TV y teléfono fijo en un solo paquete.', 'Activo', 350, 'Paquete', 4),
('Movistar Móvil', 'Servicio móvil con datos, llamadas y mensajes de texto.', 'Activo', 50, 'Móvil', 5),
('Movistar 5G', 'Servicio 5G con datos ilimitados para navegar a alta velocidad.', 'Activo', 80, 'Móvil', 6),
('Movistar Streaming', 'Acceso a contenido exclusivo de streaming de series y películas.', 'Activo', 120, 'Streaming', 7),
('Movistar Plus', 'Servicio de streaming premium con canales exclusivos y películas de estreno.', 'Activo', 150, 'Streaming', 8),
('Movistar Converge', 'Combina internet de alta velocidad, TV y servicio móvil.', 'Activo', 450, 'Paquete', 9),
('Movistar Empresas', 'Paquete de servicios empresariales que incluye internet, telefonía y soporte.', 'Activo', 600, 'Empresas', 10),
('Movistar Fibra', 'Conexión de fibra óptica para disfrutar de internet ultra rápido.', 'Activo', 200, 'Internet', 11),
('Movistar Business Pro', 'Servicio de internet dedicado para empresas con alta velocidad y soporte premium.', 'Activo', 500, 'Internet', 12),
('Movistar Giga', 'Paquete de internet móvil de hasta 100 GB de datos con llamadas ilimitadas.', 'Activo', 90, 'Móvil', 13),
('Movistar Cloud', 'Servicio de almacenamiento en la nube para tu empresa o uso personal.', 'Activo', 70, 'Internet', 14),
('Movistar TV Premium', 'Acceso a canales premium y series exclusivas.', 'Activo', 220, 'TV', 15),
('Movistar Gaming', 'Servicio de internet optimizado para jugadores con baja latencia y alta velocidad.', 'Activo', 300, 'Internet', 16),
('Movistar Smart Home', 'Dispositivos inteligentes para tu hogar conectado, control de luces y seguridad.', 'Activo', 250, 'Dispositivos', 17),
('Movistar Radio', 'Servicio de radio por internet con estaciones de todo el mundo.', 'Activo', 30, 'Streaming', 18),
('Movistar Juegos', 'Acceso a una amplia gama de juegos en línea, disponible en plataformas compatibles.', 'Activo', 50, 'Streaming', 19),
('Movistar Local', 'Servicio de telefonía fija para pequeñas empresas, con tarifas locales y nacionales.', 'Activo', 75, 'Fijo', 20),
('Movistar Security', 'Sistema de seguridad inteligente para el hogar, con cámaras y monitoreo en vivo.', 'Activo', 400, 'Dispositivos', 21),
('Movistar Fibre', 'Servicio de internet de fibra óptica de hasta 1 Gbps de velocidad.', 'Activo', 350, 'Internet', 22),
('Movistar Data Pack', 'Paquete de datos móviles con 30 GB de navegación de alta velocidad.', 'Activo', 60, 'Móvil', 23),
('Movistar Gigabit', 'Paquete de internet con velocidad de hasta 10 Gbps para empresas.', 'Activo', 700, 'Internet', 24),
('Movistar Music', 'Servicio de música por streaming con acceso a millones de canciones.', 'Activo', 100, 'Streaming', 25),
('Movistar VR', 'Acceso a contenidos en realidad virtual para dispositivos compatibles.', 'Activo', 200, 'Streaming', 26),
('Movistar Travel', 'Paquete de telefonía móvil para uso en roaming internacional, con datos y llamadas.', 'Activo', 150, 'Móvil', 27),
('Movistar Max', 'Plan móvil con acceso ilimitado a redes sociales, datos y llamadas nacionales.', 'Activo', 120, 'Móvil', 28),
('Movistar Ultra', 'Paquete que incluye televisión en 4K, internet de alta velocidad y teléfono fijo.', 'Activo', 500, 'Paquete', 29),
('Movistar Digital', 'Servicio de telefonía fija con opciones digitales, incluyendo voicemail y llamadas internacionales.', 'Activo', 85, 'Fijo', 30),
('Movistar Sports', 'Acceso a canales deportivos exclusivos con eventos en vivo y contenido on-demand.', 'Activo', 140, 'Streaming', 31),
('Movistar Kids', 'Plataforma de contenido educativo y entretenimiento para niños.', 'Activo', 80, 'Streaming', 32),
('Movistar Móvil Pre-Pago', 'Plan móvil pre-pago con datos, llamadas y mensajes de texto.', 'Activo', 35, 'Móvil', 33),
('Movistar Smart Watch', 'Servicio de conectividad para dispositivos de relojes inteligentes.', 'Activo', 30, 'Dispositivos', 34),
('Movistar 4K TV', 'Acceso a contenido en 4K con dispositivos de streaming compatibles.', 'Activo', 200, 'TV', 35),
('Movistar Pro', 'Paquete empresarial que incluye servicio móvil, internet dedicado y soporte técnico premium.', 'Activo', 700, 'Empresas', 36),
('Movistar Flex', 'Paquete de internet y televisión flexible para usuarios que no requieren gran velocidad.', 'Activo', 150, 'Paquete', 37),
('Movistar Wi-Fi', 'Servicio de Wi-Fi en zonas públicas y privadas para usuarios móviles y de casa.', 'Activo', 20, 'Internet', 38),
('Movistar Smart TV', 'Servicio de televisión inteligente con acceso a apps de streaming y control por voz.', 'Activo', 250, 'TV', 39),
('Movistar Roaming', 'Plan de datos móviles con tarifas reducidas para viajes internacionales.', 'Activo', 100, 'Móvil', 40),
('Movistar Home', 'Paquete que combina telefonía fija, internet y servicios de streaming en un solo servicio.', 'Activo', 350, 'Paquete', 41),
('Movistar Work', 'Servicio de internet para trabajadores remotos con seguridad y soporte avanzado.', 'Activo', 300, 'Internet', 42),
('Movistar Net', 'Servicio de internet básico de 20 Mbps para usuarios individuales.', 'Activo', 60, 'Internet', 43),
('Movistar Remote', 'Paquete de televisión con control remoto inteligente y servicio de grabación en la nube.', 'Activo', 160, 'TV', 44),
('Movistar Digital Home', 'Servicio de hogar digital con gestión de dispositivos conectados, cámaras y luces.', 'Activo', 180, 'Dispositivos', 45),
('Movistar Connect', 'Servicio de conectividad para dispositivos IoT y smart home.', 'Activo', 220, 'Dispositivos', 46),
('Movistar Entertainment', 'Acceso a contenido exclusivo de cine, series y música.', 'Activo', 130, 'Streaming', 47),
('Movistar Home Plus', 'Servicio de hogar inteligente avanzado, incluyendo dispositivos de automatización y seguridad.', 'Activo', 350, 'Dispositivos', 48),
('Movistar Voice', 'Servicio de voz para empresas, con llamadas internacionales y locales a bajo costo.', 'Activo', 90, 'Fijo', 49),
('Movistar Giga Home', 'Internet móvil para el hogar con 100 GB de datos a alta velocidad.', 'Activo', 250, 'Móvil', 50);



INSERT INTO planes (Nombre, Descripcion, Estado, Precio, Tipo, id_dispositivos) VALUES
('Plan Básico', 'Plan básico con 10 GB de datos y llamadas locales ilimitadas.', 'Activo', 30, 'Móvil', 5),
('Plan Estándar', 'Plan con 30 GB de datos, llamadas nacionales e internacionales limitadas.', 'Activo', 50, 'Móvil', 6),
('Plan Avanzado', 'Plan avanzado con 50 GB de datos, llamadas ilimitadas y acceso a redes sociales.', 'Activo', 80, 'Móvil', 13),
('Plan Premium', 'Plan con 100 GB de datos, llamadas internacionales y acceso a servicios de streaming.', 'Activo', 120, 'Móvil', 28),
('Plan Fibra 300', 'Plan de internet de fibra óptica con 300 Mbps de velocidad.', 'Activo', 150, 'Internet', 2),
('Plan Fibra 500', 'Plan de internet de fibra óptica con 500 Mbps de velocidad.', 'Activo', 200, 'Internet', 11),
('Plan Fibra 1000', 'Plan de internet de fibra óptica con 1 Gbps de velocidad.', 'Activo', 300, 'Internet', 22),
('Plan Hogar 500', 'Paquete que incluye internet de 500 Mbps, teléfono fijo y TV básica.', 'Activo', 250, 'Paquete', 4),
('Plan Hogar 1000', 'Paquete que incluye internet de 1 Gbps, teléfono fijo, TV avanzada y streaming.', 'Activo', 350, 'Paquete', 16),
('Plan TV Básica', 'Plan de televisión por cable con 50 canales básicos y grabación en la nube.', 'Activo', 100, 'TV', 3),
('Plan TV Avanzada', 'Plan de televisión por cable con más de 100 canales, incluido contenido en 4K.', 'Activo', 180, 'TV', 15),
('Plan TV 4K', 'Plan de televisión avanzada con contenido 4K, acceso a canales exclusivos y apps de streaming.', 'Activo', 220, 'TV', 35),
('Plan Empresas', 'Plan para pequeñas empresas que incluye internet dedicado, telefonía fija y soporte técnico 24/7.', 'Activo', 500, 'Empresas', 10),
('Plan Pro Internet', 'Paquete para empresas con internet dedicado de alta velocidad de hasta 10 Gbps.', 'Activo', 700, 'Internet', 24),
('Plan Streaming Básico', 'Acceso a contenido de streaming con 1000 horas de programación de series y películas.', 'Activo', 50, 'Streaming', 7),
('Plan Streaming Plus', 'Acceso a contenido de streaming premium, incluyendo películas y series exclusivas.', 'Activo', 150, 'Streaming', 8),
('Plan Premium Streaming', 'Plan completo con acceso a contenido exclusivo y estrenos en cine, más música ilimitada.', 'Activo', 200, 'Streaming', 47),
('Plan Internacional', 'Plan de datos y llamadas internacionales con 20 GB para roaming en otros países.', 'Activo', 90, 'Móvil', 27),
('Plan Flex Móvil', 'Plan de datos flexibles que ajusta según el uso de internet, con 10 GB de base.', 'Activo', 60, 'Móvil', 33),
('Plan Ultra Internet', 'Plan de internet ultra rápido de 2 Gbps, ideal para empresas y hogares con múltiples dispositivos.', 'Activo', 500, 'Internet', 22),
('Plan Solo Móvil', 'Plan para usuarios móviles con 5 GB de datos y llamadas nacionales e internacionales ilimitadas.', 'Activo', 40, 'Móvil', 23),
('Plan Cloud', 'Paquete que incluye almacenamiento en la nube de hasta 1 TB y acceso remoto a archivos.', 'Activo', 100, 'Internet', 14),
('Plan Básico Fijo', 'Servicio de telefonía fija con llamadas ilimitadas dentro del país y control de gastos.', 'Activo', 35, 'Fijo', 20),
('Plan Pro Fijo', 'Plan de telefonía fija para pequeñas empresas con tarifas locales e internacionales bajas.', 'Activo', 75, 'Fijo', 20),
('Plan Empresarial Internet', 'Paquete para empresas con conexión dedicada de alta velocidad y soporte técnico especializado.', 'Activo', 600, 'Internet', 12),
('Plan Converge 500', 'Paquete combinado de internet de 500 Mbps, TV básica y teléfono fijo.', 'Activo', 350, 'Paquete', 4),
('Plan Giga Móvil', 'Plan de datos móviles con 100 GB de navegación y llamadas ilimitadas.', 'Activo', 90, 'Móvil', 13),
('Plan Family', 'Paquete para familias que incluye 2 líneas móviles, 200 GB de datos y TV por cable con 50 canales.', 'Activo', 400, 'Paquete', 9),
('Plan Local', 'Paquete básico de telefonía fija local, para hogares que solo necesitan servicio de voz.', 'Activo', 50, 'Fijo', 30),
('Plan Premium Business', 'Plan empresarial con internet dedicado, soporte 24/7, y acceso a servicios avanzados en la nube.', 'Activo', 1000, 'Empresas', 24),
('Plan Smart TV', 'Servicio de televisión por internet con acceso a apps y dispositivos de streaming.', 'Activo', 150, 'TV', 39),
('Plan Flex Internet', 'Paquete con 50 GB de datos para hogar y movilidad con opción de aumentar datos según necesidad.', 'Activo', 200, 'Internet', 16),
('Plan Giga Home', 'Internet móvil para el hogar con 100 GB de datos a alta velocidad y servicio adicional de streaming.', 'Activo', 250, 'Móvil', 50),
('Plan Streaming Radio', 'Acceso a contenido exclusivo de radio por streaming, incluyendo deportes y música.', 'Activo', 40, 'Streaming', 18),
('Plan Work From Home', 'Paquete para trabajadores remotos con internet de alta velocidad y herramientas colaborativas.', 'Activo', 350, 'Internet', 42),
('Plan Unlimited 5G', 'Plan de datos ilimitados con velocidad 5G para usuarios de smartphones compatibles.', 'Activo', 120, 'Móvil', 6),
('Plan Total Converge', 'Paquete combinado que incluye internet, teléfono fijo y servicios de streaming para el hogar.', 'Activo', 400, 'Paquete', 9),
('Plan Gamer', 'Internet especializado para gamers con baja latencia y soporte para streaming en vivo.', 'Activo', 300, 'Internet', 16),
('Plan Office', 'Plan con 2 GB de datos móviles y acceso a apps de productividad para pequeñas empresas.', 'Activo', 50, 'Móvil', 24),
('Plan VIP Móvil', 'Plan exclusivo para usuarios premium con datos ilimitados, llamadas internacionales y acceso a contenido de streaming.', 'Activo', 200, 'Móvil', 28),
('Plan 4K TV', 'Acceso a contenido en 4K con dispositivos de streaming compatibles y grabaciones en la nube.', 'Activo', 200, 'TV', 35),
('Plan Basic Streaming', 'Paquete de streaming básico con contenido de entretenimiento general para toda la familia.', 'Activo', 100, 'Streaming', 7),
('Plan Top Business', 'Paquete para empresas con internet dedicado, TV empresarial y soporte técnico avanzado.', 'Activo', 800, 'Empresas', 10),
('Plan Home Smart', 'Paquete de internet y dispositivos inteligentes para el hogar, incluye control remoto inteligente.', 'Activo', 350, 'Dispositivos', 17),
('Plan Smart Device', 'Paquete que incluye dispositivos inteligentes para el hogar conectado con acceso a plataformas de streaming.', 'Activo', 250, 'Dispositivos', 34),
('Plan Unlimited TV', 'Acceso ilimitado a canales premium, contenido 4K y streaming de deportes.', 'Activo', 220, 'TV', 3),
('Plan Digital Entretenimiento', 'Plan de entretenimiento digital con acceso a cine, deportes y contenidos exclusivos.', 'Activo', 130, 'Streaming', 47),
('Plan Work Flex', 'Plan de trabajo flexible con internet dedicado, y soporte para trabajo remoto.', 'Activo', 400, 'Internet', 42);


 


INSERT INTO Reportes (Nombre, Descripcion, Fecha, Estado, id_cliente, id_servicio, id_plan) VALUES
('Problemas con Internet Móvil', 'El cliente reporta que el servicio de Internet móvil no está funcionando correctamente en su zona.', '2024-12-01', 'Activo', 3, 4, 2),
('Falla en TV Movistar', 'Problemas técnicos en la señal de TV Movistar HD debido a malas condiciones climáticas.', '2024-12-02', 'Activo', 10, 9, 7),
('Suspensión por Impago', 'Cliente suspendió su servicio debido a un impago de la factura de su plan móvil.', '2024-12-03', 'Inactivo', 5, 6, 5),
('Instalación de Fibra Óptica', 'Instalación de fibra óptica para el cliente en la zona norte de Bogotá con 100 Mbps.', '2024-12-04', 'Activo', 8, 3, 4),
('Cambio de Plan Móvil', 'Cliente solicita la actualización del plan de datos de 5GB a 20GB por necesidades de uso más intensivo.', '2024-12-05', 'Activo', 2, 7, 3),
('Reporte de Caída de Señal Móvil', 'Cliente reporta caída de señal en su zona durante las horas pico.', '2024-12-06', 'Activo', 12, 8, 1),
('Problemas con Internet Fijo', 'El servicio de Internet fijo se encuentra interrumpido desde la madrugada en zona sur de Medellín.', '2024-12-07', 'Activo', 6, 4, 2),
('Problema con Facturación Movistar', 'Cliente presenta disputa por cobro incorrecto en el servicio Movistar TV Premium.', '2024-12-08', 'Activo', 15, 9, 8),
('Desconexión de Servicio de TV', 'Se presentó un corte en el servicio de TV debido a una falla técnica durante la noche.', '2024-12-09', 'Inactivo', 20, 10, 7),
('Suspensión Temporal por Falta de Pago', 'Suspensión temporal del servicio debido a un pago vencido.', '2024-12-10', 'Inactivo', 4, 4, 6),
('Reporte de Baja Velocidad Internet Móvil', 'Cliente reporta velocidad de internet móvil más baja de lo esperado en el plan Movistar 5GB.', '2024-12-11', 'Activo', 3, 7, 4),
('Mantenimiento Programado en Fibra Óptica', 'Mantenimiento programado en la red de fibra óptica que afectará el servicio durante algunas horas.', '2024-12-12', 'Inactivo', 9, 3, 5),
('Cancelación del Servicio Movistar', 'Cliente solicita la cancelación de su plan debido a mudanza fuera del país.', '2024-12-13', 'Inactivo', 17, 6, 9),
('Error en Activación de Plan', 'Error en la activación del plan Movistar 50GB en el cliente, se está resolviendo el inconveniente.', '2024-12-14', 'Activo', 14, 7, 2),
('Problema con Llamadas Internacionales', 'Cliente reporta no poder realizar llamadas internacionales con el plan Movistar 10GB.', '2024-12-15', 'Activo', 11, 5, 3),
('Cambio de Plan TV Movistar', 'Cliente solicita la actualización a un plan Movistar TV HD debido a la falta de canales deportivos.', '2024-12-16', 'Activo', 3, 9, 6),
('Reactivación de Servicio Móvil', 'Cliente solicita la reactivación de su servicio móvil luego de un corte temporal por no pago.', '2024-12-17', 'Activo', 7, 6, 7),
('Problema con Internet de Fibra Óptica', 'El cliente reporta que su servicio de Fibra Óptica no alcanza la velocidad prometida de 100 Mbps.', '2024-12-18', 'Activo', 13, 4, 3),
('Interrupción por Mantenimiento en TV', 'Interrupción temporal en el servicio Movistar TV Premium debido a un mantenimiento de la infraestructura.', '2024-12-19', 'Inactivo', 16, 10, 5),
('Activación de Plan Movistar 30GB', 'Cliente activa el plan Movistar 30GB para su línea móvil en Bogotá.', '2024-12-20', 'Activo', 18, 7, 8),
('Informe de Problema de Red', 'Cliente reporta intermitencia en la señal 4G de su teléfono móvil, lo que afecta su plan de datos.', '2024-12-21', 'Activo', 4, 8, 5),
('Descuento por Fidelidad', 'El cliente recibió un descuento por fidelidad en su plan Movistar 100GB.', '2024-12-22', 'Activo', 19, 7, 9),
('Falla en la Red de Fibra', 'Falla de la red de fibra óptica que afecta a varios usuarios de la zona norte de Cali.', '2024-12-23', 'Inactivo', 5, 3, 2),
('Actualización a Plan Movistar TV', 'Cliente solicita actualizar su servicio Movistar TV HD a Movistar TV Premium.', '2024-12-24', 'Activo', 12, 9, 5),
('Problema de Cobertura Móvil', 'Cliente informa que tiene problemas de cobertura móvil en su zona de residencia en Barranquilla.', '2024-12-25', 'Activo', 2, 6, 1),
('Problemas con Servicio 4G LTE', 'Cliente reporta problemas en la señal 4G en su teléfono móvil, afectando su uso de datos.', '2024-12-26', 'Activo', 1, 8, 7),
('Falla en Fibra Óptica 200Mbps', 'Interrupción en el servicio de Fibra Óptica de 200Mbps que afecta al cliente en Bogotá.', '2024-12-27', 'Activo', 6, 3, 4),
('Problema de Facturación Movistar TV', 'Cliente reporta error en la facturación de su plan Movistar TV Premium con cobro duplicado.', '2024-12-28', 'Inactivo', 10, 9, 8),
('Reclamo por Cortes Intermitentes', 'Cliente realiza un reclamo debido a cortes intermitentes en el servicio de fibra óptica.', '2024-12-29', 'Activo', 4, 4, 5),
('Suspensión Temporal por Falta de Pago', 'Suspensión temporal de servicio debido a no pago del plan Movistar 50GB.', '2024-12-30', 'Inactivo', 3, 7, 2),
('Problemas con Plan de Datos Movistar', 'El cliente reporta que su plan Movistar 100GB no está funcionando correctamente.', '2024-12-31', 'Activo', 8, 4, 5),
('Descuento en Servicio de TV', 'Cliente recibió un descuento en su factura Movistar TV debido a sus años de antigüedad con el servicio.', '2024-12-01', 'Activo', 16, 9, 7),
('Falla en Llamadas Móviles', 'Cliente reporta la imposibilidad de realizar llamadas móviles desde su línea Movistar.', '2024-12-02', 'Activo', 18, 6, 5),
('Desconexión de TV por Mantenimiento', 'Servicio de TV Movistar desconectado temporalmente para mantenimiento de la infraestructura.', '2024-12-03', 'Inactivo', 7, 9, 8),
('Cancelación de Plan Móvil', 'Cliente cancela su plan móvil debido a insatisfacción con la cobertura en su zona.', '2024-12-04', 'Inactivo', 12, 7, 6),
('Problema con Servicio de Roaming Internacional', 'El cliente no puede activar el servicio de roaming internacional mientras se encuentra fuera del país.', '2024-12-05', 'Activo', 3, 6, 10),
('Inconsistencia en Facturación Movistar', 'Cliente presenta inconsistencia en la facturación por el servicio Movistar TV HD que no aparece en el recibo.', '2024-12-06', 'Activo', 5, 9, 6),
('Descuento en Plan Movistar 30GB', 'Cliente recibe descuento en su plan Movistar 30GB por ser cliente antiguo.', '2024-12-07', 'Activo', 14, 7, 2),
('Problemas con Servicio de Internet', 'El cliente reporta que el servicio de Internet se desconecta intermitentemente en su zona residencial.', '2024-12-08', 'Activo', 13, 4, 3),
('Cancelación de TV por Reclamación', 'Cliente cancela su servicio de TV Movistar debido a insatisfacción con la calidad del contenido.', '2024-12-09', 'Inactivo', 9, 9, 8),
('Mantenimiento en Red Móvil', 'Mantenimiento programado en la red móvil que afectará el servicio en varias ciudades del país.', '2024-12-10', 'Inactivo', 6, 8, 7),
('Problemas con Servicio de Fibra', 'Falla de la red de fibra que afecta a los clientes de la zona oeste de Medellín.', '2024-12-11', 'Activo', 2, 3, 2),
('Suspensión de Plan de Datos', 'Suspensión del plan de datos Movistar 50GB por exceso de consumo.', '2024-12-12', 'Inactivo', 10, 7, 3),
('Reclamación por Servicio de TV', 'Reclamación por fallas técnicas en el servicio de TV Movistar.', '2024-12-13', 'Activo', 8, 9, 5),
('Problema con Servicio 4G LTE', 'El servicio de 4G LTE no está funcionando correctamente en el plan Movistar 100GB.', '2024-12-14', 'Activo', 18, 8, 6),
('Solicitud de Reembolso por Corte de Servicio', 'Cliente solicita reembolso por corte de servicio durante mantenimiento sin previo aviso.', '2024-12-15', 'Activo', 1, 7, 9),
('Problema con TV HD', 'El cliente informa que la señal de su TV Movistar HD no está funcionando adecuadamente.', '2024-12-16', 'Activo', 3, 9, 5),
('Descuento en Internet Movistar', 'Cliente recibe descuento en su plan de Internet 200Mbps por ser cliente antiguo.', '2024-12-17', 'Activo', 15, 4, 2),
('Fallo en Activación de TV', 'Problemas al activar el servicio Movistar TV HD por errores en el sistema.', '2024-12-18', 'Activo', 11, 9, 8),
('Problema con Internet de Fibra Óptica', 'El cliente experimenta desconexiones frecuentes en su servicio de fibra óptica 100Mbps.', '2024-12-03' , 'Activo', 16, 3, 4);



INSERT INTO Registro_Compras (Estado, Precio_base, Fecha, id_cliente, id_servicios, id_plan) VALUES
('Activo', 150000, '2024-12-01', 3, 4, NULL),
('Activo', 180000, '2024-12-02', 10, 9, NULL),
('Cancelado', 120000, '2024-12-03', 5, NULL, 5),
('Activo', 200000, '2024-12-04', 8, 3, NULL),
('Activo', 250000, '2024-12-05', 2, 7, NULL),
('Activo', 100000, '2024-12-06', 12, NULL, 1),
('Activo', 220000, '2024-12-07', 6, 4, NULL),
('Activo', 420000, '2024-12-08', 15, 9, 8), 
('Cancelado', 175000, '2024-12-09', 20, NULL, 7),
('Inactivo', 130000, '2024-12-10', 4, 4, NULL),
('Activo', 220000, '2024-12-11', 3, 7, NULL),
('Activo', 230000, '2024-12-12', 9, NULL, 5),
('Activo', 380000, '2024-12-13', 17, 6, 9), 
('Cancelado', 140000, '2024-12-14', 14, 7, NULL),
('Activo', 150000, '2024-12-15', 11, NULL, 3),
('Activo', 190000, '2024-12-16', 3, 9, NULL),
('Activo', 210000, '2024-12-17', 7, 6, NULL),
('Cancelado', 180000, '2024-12-18', 13, NULL, 3),
('Activo', 170000, '2024-12-19', 18, 7, NULL),
('Activo', 160000, '2024-12-20', 16, 9, NULL),
('Inactivo', 120000, '2024-12-21', 4, 8, NULL),
('Activo', 180000, '2024-12-22', 2, 3, NULL),
('Cancelado', 250000, '2024-12-23', 10, 7, NULL),
('Activo', 240000, '2024-12-24', 6, 9, NULL),
('Activo', 330000, '2024-12-25', 12, 5, 9), 
('Activo', 190000, '2024-12-26', 16, 4, NULL),
('Inactivo', 210000, '2024-12-27', 19, 3, NULL),
('Cancelado', 220000, '2024-12-28', 5, 7, NULL),
('Activo', 230000, '2024-12-29', 2, 8, NULL),
('Activo', 150000, '2024-12-30', 14, 6, NULL),
('Activo', 250000, '2024-12-31', 7, 5, NULL),
('Cancelado', 170000, '2024-12-01', 13, 3, NULL),
('Activo', 200000, '2024-12-02', 10, 9, NULL),
('Activo', 160000, '2024-12-03', 18, 7, NULL),
('Activo', 230000, '2024-12-04', 6, 8, NULL),
('Activo', 190000, '2024-12-05', 11, 5, NULL),
('Cancelado', 250000, '2024-12-06', 4, 4, NULL),
('Activo', 200000, '2024-12-07', 12, 3, NULL),
('Inactivo', 180000, '2024-12-08', 15, 9, NULL),
('Activo', 210000, '2024-12-09', 3, 6, NULL),
('Cancelado', 170000, '2024-12-10', 8, 7, NULL),
('Activo', 220000, '2024-12-11', 19, 10, NULL),
('Activo', 350000, '2024-12-12', 13, 4, 5), 
('Cancelado', 180000, '2024-12-13', 7, 8, NULL),
('Activo', 160000, '2024-12-14', 20, 9, NULL),
('Activo', 190000, '2024-12-15', 5, 7, NULL),
('Activo', 210000, '2024-12-16', 3, 6, NULL),
('Activo', 250000, '2024-12-17', 6, 5, NULL),
('Activo', 220000, '2024-12-18', 12, 3, NULL),
('Activo', 230000, '2024-12-19', 14, 8, NULL),
('Activo', 200000, '2024-12-20', 16, 7, NULL),
('Cancelado', 240000, '2024-12-21', 9, 6, NULL),
('Activo', 210000, '2024-12-22', 2, 5, NULL),
('Activo', 380000, '2024-12-23', 9, 4, 8),  
('Activo', 320000, '2024-12-24', 7, 5, 9), 
('Activo', 340000, '2024-12-25', 3, 6, 7),  
('Activo', 380000, '2024-12-26', 10, 9, 8),  
('Activo', 200000, '2024-12-27', 13, 4, NULL),
('Cancelado', 180000, '2024-12-28', 7, 8, NULL);

INSERT INTO empleados (Nombre1, Nombre2, Apellido1, Apellido2, Cedula, Telefono, Direccion, Ciudad, Sexo, Correo, Cargo) VALUES
('Carlos', 'Alfonso', 'Pérez', 'González', '1234567890', '3123456789', 'Calle 1 # 22-11', 'Bogotá', 'M', 'carlos.perez@gmail.com', 'Vendedor'),
('Ana', 'María', 'Sánchez', 'Ramírez', '1098765432', '3109876543', 'Calle 2 # 11-44', 'Medellín', 'F', 'ana.sanchez@yahoo.com', 'Vendedora'),
('Luis', 'Eduardo', 'Torres', 'López', '1023548963', '3001234567', 'Avenida 5 # 45-56', 'Cali', 'M', 'luis.torres@outlook.com', 'Vendedor'),
('María', 'Fernanda', 'Gómez', 'Martínez', '1087654321', '3145678901', 'Carrera 8 # 14-23', 'Barranquilla', 'F', 'maria.gomez@icloud.com', 'Vendedora'),
('Ricardo', 'Hernán', 'Vega', 'Sánchez', '1234567891', '3126789012', 'Calle 9 # 34-21', 'Cartagena', 'M', 'ricardo.vega@hotmail.com', 'Vendedor'),
('Claudia', 'Juliana', 'Moreno', 'González', '1076543210', '3152345678', 'Avenida 10 # 56-78', 'Pereira', 'F', 'claudia.moreno@outlook.com', 'Vendedora'),
('José', 'Antonio', 'Castro', 'Ramírez', '1047564839', '3208765432', 'Carrera 12 # 12-45', 'Bucaramanga', 'M', 'jose.castro@webmail.com', 'Vendedor'),
('Isabel', 'Cristina', 'Paredes', 'Rodríguez', '1012345687', '3112345678', 'Calle 4 # 30-22', 'Medellín', 'F', 'isabel.paredes@yahoo.com', 'Vendedora'),
('Pedro', 'Manuel', 'Díaz', 'González', '1037654921', '3107654321', 'Calle 6 # 15-44', 'Bogotá', 'M', 'pedro.diaz@gmail.com', 'Vendedor'),
('Liliana', 'Fernanda', 'Suárez', 'Hernández', '1059876543', '3008765432', 'Carrera 7 # 50-89', 'Cali', 'F', 'liliana.suarez@outlook.com', 'Vendedora'),
('David', 'Ricardo', 'Ramírez', 'Mendoza', '1223456789', '3154321098', 'Calle 8 # 20-10', 'Barranquilla', 'M', 'david.ramirez@hotmail.com', 'Vendedor'),
('Sandra', 'Elena', 'López', 'Gutiérrez', '1034876542', '3146789012', 'Carrera 4 # 60-15', 'Medellín', 'F', 'sandra.lopez@gmail.com', 'Vendedora'),
('Andrés', 'Felipe', 'Gómez', 'Martínez', '1065437892', '3005438765', 'Calle 3 # 8-22', 'Cali', 'M', 'andres.gomez@outlook.com', 'Vendedor'),
('Patricia', 'Sofía', 'Vega', 'Ruíz', '1056781234', '3175432908', 'Carrera 4 # 25-90', 'Barranquilla', 'F', 'patricia.vega@yahoo.com', 'Vendedora'),
('Gabriel', 'Antonio', 'Cárdenas', 'López', '1078456789', '3124321098', 'Calle 7 # 19-68', 'Medellín', 'M', 'gabriel.cardenas@gmail.com', 'Vendedor'),
('Sofía', 'Lucía', 'Morales', 'González', '1035894721', '3159876543', 'Avenida 3 # 22-70', 'Bogotá', 'F', 'sofia.morales@icloud.com', 'Vendedora'),
('Carlos', 'Manuel', 'Rodríguez', 'Suárez', '1023456780', '3176543210', 'Calle 5 # 14-11', 'Pereira', 'M', 'carlos.rodriguez@webmail.com', 'Vendedor'),
('Lucía', 'Andrea', 'Cáceres', 'Rivas', '1064123567', '3112345678', 'Avenida 15 # 30-45', 'Cali', 'F', 'lucia.caceres@outlook.com', 'Vendedora'),
('Raúl', 'Felipe', 'Hernández', 'Gómez', '1023456789', '3209876543', 'Calle 10 # 30-88', 'Medellín', 'M', 'raul.hernandez@gmail.com', 'Vendedor'),
('Juliana', 'Pilar', 'Ruiz', 'Suárez', '1098765431', '3145678909', 'Carrera 6 # 17-23', 'Cali', 'F', 'juliana.ruiz@outlook.com', 'Vendedora'),
('Roberto', 'Carlos', 'Pérez', 'Hernández', '1034567890', '3123456789', 'Avenida 22 # 13-45', 'Barranquilla', 'M', 'roberto.perez@gmail.com', 'Vendedor'),
('Mariana', 'Patricia', 'Jiménez', 'Morales', '1065430987', '3108765432', 'Calle 3 # 25-44', 'Pereira', 'F', 'mariana.jimenez@icloud.com', 'Vendedora'),
('Antonio', 'José', 'Ruiz', 'Martínez', '1057654321', '3148765432', 'Calle 15 # 5-12', 'Medellín', 'M', 'antonio.ruiz@webmail.com', 'Vendedor'),
('Beatriz', 'Elena', 'Sierra', 'Martínez', '1078564321', '3123456789', 'Calle 4 # 34-45', 'Bogotá', 'F', 'beatriz.sierra@gmail.com', 'Vendedora'),
('José', 'Luis', 'Alvarez', 'Gutiérrez', '1043124678', '3178765432', 'Carrera 10 # 19-33', 'Barranquilla', 'M', 'jose.alvarez@outlook.com', 'Vendedor'),
('Carolina', 'María', 'García', 'Ríos', '1038765432', '3198765432', 'Avenida 7 # 12-67', 'Cali', 'F', 'carolina.garcia@gmail.com', 'Vendedora'),
('Fernando', 'Álvaro', 'Mendoza', 'López', '1067896543', '3154321098', 'Calle 2 # 11-78', 'Pereira', 'M', 'fernando.mendoza@outlook.com', 'Vendedor'),
('Martín', 'Felipe', 'Suárez', 'Díaz', '1054321890', '3146543210', 'Carrera 9 # 20-30', 'Medellín', 'M', 'martin.suarez@icloud.com', 'Vendedor'),
('Paola', 'Mariana', 'Castro', 'Jiménez', '1047654321', '3171234567', 'Calle 3 # 8-15', 'Barranquilla', 'F', 'paola.castro@gmail.com', 'Vendedora'),
('Marta', 'Elena', 'López', 'Vásquez', '1098765430', '3201234567', 'Avenida 5 # 10-90', 'Cali', 'F', 'marta.lopez@gmail.com', 'Vendedora'),
('Héctor', 'Iván', 'González', 'Sánchez', '1023345678', '3198765432', 'Calle 7 # 5-12', 'Pereira', 'M', 'hector.gonzalez@gmail.com', 'Asesor Comercial'),
('Esteban', 'Luis', 'Martínez', 'Vega', '1078346589', '3176543210', 'Calle 8 # 7-45', 'Medellín', 'M', 'esteban.martinez@outlook.com', 'Ejecutivo de Ventas'),
('Verónica', 'María', 'Cifuentes', 'Jiménez', '1087654322', '3182345678', 'Calle 5 # 21-33', 'Bogotá', 'F', 'veronica.cifuentes@gmail.com', 'Ejecutivo de Ventas'),
('Carlos', 'Mauricio', 'Rodríguez', 'Sánchez', '1023456783', '3158765432', 'Carrera 4 # 45-90', 'Cali', 'M', 'carlos.rodriguez@gmail.com', 'Encargado de Reportes'),
('Margarita', 'Elena', 'Vásquez', 'Pérez', '1078765431', '3194321098', 'Calle 9 # 4-22', 'Barranquilla', 'F', 'margarita.vasquez@gmail.com', 'Encargada de Fidelización'),
('Luis', 'Felipe', 'Rojas', 'Castaño', '1034526983', '3123456789', 'Carrera 10 # 22-11', 'Pereira', 'M', 'luis.rojas@gmail.com', 'Gestor de Servicios'),
('Valentina', 'Andrea', 'Hernández', 'Vega', '1048576340', '3182345671', 'Avenida 7 # 16-80', 'Medellín', 'F', 'valentina.hernandez@gmail.com', 'Gestora de Servicios'),
('Juan', 'Carlos', 'Gomez', 'Ramirez', '456789123', '3104567890', 'Calle 12A #23-45', 'Cali', 'M', 'juan.gomez@movistar.com', 'Vendedor'),
('Andrea', 'María', 'Torres', 'Salazar', '789456123', '3102345678', 'Avenida Las Palmas #67-89', 'Barranquilla', 'F', 'andrea.torres@movistar.com', 'Vendedora'),
('Luis', 'Fernando', 'Martinez', 'Rodriguez', '234567890', '3103456789', 'Calle 5 #10-20', 'Medellín', 'M', 'luis.martinez@movistar.com', 'Vendedor'),
('Liliana', 'Isabel', 'Hernandez', 'Lopez', '123456789', '3109876543', 'Carrera 20 #34-56', 'Bogotá', 'F', 'liliana.hernandez@movistar.com', 'Vendedora'),
('Felipe', 'Eduardo', 'Sanchez', 'Muñoz', '345678901', '3001234567', 'Calle 7 #9-21', 'Cúcuta', 'M', 'felipe.sanchez@movistar.com', 'Vendedor'),
('Patricia', 'Elena', 'Rojas', 'Diaz', '987654321', '3201234567', 'Avenida El Sol #12-34', 'Santa Marta', 'F', 'patricia.rojas@movistar.com', 'Vendedora'),
('Carlos', 'Alberto', 'Alvarez', 'Vega', '456123789', '3108765432', 'Calle 15 #23-45', 'Pereira', 'M', 'carlos.alvarez@movistar.com', 'Vendedor'),
('Verónica', 'Natalia', 'Gonzalez', 'Soto', '567890123', '3147654321', 'Carrera 10 #12-34', 'Cartagena', 'F', 'veronica.gonzalez@movistar.com', 'Vendedora'),
('Eduardo', 'Luis', 'Pérez', 'Castro', '678901234', '3102345678', 'Calle 30 #11-22', 'Bucaramanga', 'M', 'eduardo.perez@movistar.com', 'Vendedor'),
('Mónica', 'Patricia', 'Cordero', 'Martín', '890123456', '3105432109', 'Avenida Central #5-67', 'Villavicencio', 'F', 'monica.cordero@movistar.com', 'Vendedora'),
('Javier', 'Antonio', 'Fernández', 'Gutiérrez', '123789456', '3009876543', 'Calle 50 #14-23', 'Neiva', 'M', 'javier.fernandez@movistar.com', 'Vendedor'),
('Paola', 'Carolina', 'Jiménez', 'Moreno', '234567890', '3156789012', 'Carrera 9 #21-45', 'Ibagué', 'F', 'paola.jimenez@movistar.com', 'Vendedora'),
('Alberto', 'Juan', 'Ramírez', 'Vásquez', '345678901', '3123456789', 'Calle 4 #10-23', 'Armenia', 'M', 'alberto.ramirez@movistar.com', 'Vendedor');


INSERT INTO Registro_pagos (Forma_pago, total_pagar, Fecha, id_compra, id_empleado) VALUES
('Tarjeta de crédito', 150000, '2024-12-01', 1, 1),
('Efectivo', 180000, '2024-12-02', 2, 2),
('Tarjeta de débito', 200000, '2024-12-04', 4, 3),
('Efectivo', 250000, '2024-12-05', 5, 4),
('Efectivo', 220000, '2024-12-07', 7, 5),
('Tarjeta de crédito', 420000, '2024-12-08', 8, 6),
('Efectivo', 175000, '2024-12-09', 9, 7),
('Efectivo', 130000, '2024-12-10', 10, 8),
('Tarjeta de débito', 220000, '2024-12-11', 11, 9),
('Efectivo', 230000, '2024-12-12', 12, 10),
('Tarjeta de crédito', 380000, '2024-12-13', 13, 11),
('Efectivo', 140000, '2024-12-14', 14, 12),
('Tarjeta de débito', 150000, '2024-12-15', 15, 13),
('Efectivo', 190000, '2024-12-16', 16, 14),
('Tarjeta de crédito', 210000, '2024-12-17', 17, 15),
('Efectivo', 180000, '2024-12-18', 18, 16),
('Tarjeta de débito', 170000, '2024-12-19', 19, 17),
('Tarjeta de crédito', 160000, '2024-12-20', 20, 18),
('Efectivo', 120000, '2024-12-21', 21, 19),
('Tarjeta de crédito', 180000, '2024-12-22', 22, 20),
('Efectivo', 250000, '2024-12-23', 23, 21),
('Efectivo', 240000, '2024-12-24', 24, 22),
('Tarjeta de débito', 330000, '2024-12-25', 25, 23),
('Tarjeta de crédito', 190000, '2024-12-26', 26, 24),
('Tarjeta de débito', 210000, '2024-12-27', 27, 25),
('Efectivo', 220000, '2024-12-28', 28, 26),
('Tarjeta de crédito', 230000, '2024-12-29', 29, 27),
('Efectivo', 150000, '2024-12-30', 30, 28),
('Tarjeta de débito', 250000, '2024-12-31', 31, 29),
('Tarjeta de crédito', 170000, '2024-12-01', 32, 30),
('Tarjeta de débito', 200000, '2024-12-02', 33, 31),
('Efectivo', 160000, '2024-12-03', 34, 32),
('Efectivo', 230000, '2024-12-04', 35, 33),
('Efectivo', 190000, '2024-12-05', 36, 34),
('Tarjeta de crédito', 250000, '2024-12-06', 37, 35),
('Tarjeta de débito', 200000, '2024-12-07', 38, 36),
('Efectivo', 180000, '2024-12-08', 39, 37),
('Tarjeta de crédito', 210000, '2024-12-09', 40, 38),
('Efectivo', 250000, '2024-12-10', 41, 39),
('Tarjeta de débito', 350000, '2024-12-11', 42, 40),
('Efectivo', 180000, '2024-12-12', 43, 1),
('Tarjeta de crédito', 160000, '2024-12-13', 44, 2),
('Tarjeta de débito', 190000, '2024-12-14', 45, 3),
('Efectivo', 210000, '2024-12-15', 46, 4),
('Efectivo', 250000, '2024-12-16', 47, 5),
('Tarjeta de crédito', 220000, '2024-12-17', 48, 6),
('Efectivo', 230000, '2024-12-18', 49, 7),
('Tarjeta de débito', 200000, '2024-12-19', 50, 8);




INSERT INTO Historial_Ventas (Fecha_registro, total_dinero_ventas, id_pagos) VALUES
('2024-12-01', 380000, 1),
('2024-12-02', 390000, 2),
('2024-12-04', 460000, 3),
('2024-12-05', 520000, 4),
('2024-12-07', 470000, 5),
('2024-12-08', 840000, 6),
('2024-12-09', 390000, 7),
('2024-12-10', 180000, 8),
('2024-12-11', 340000, 9),
('2024-12-12', 380000, 10),
('2024-12-13', 510000, 11),
('2024-12-14', 180000, 12),
('2024-12-15', 330000, 13),
('2024-12-16', 370000, 14),
('2024-12-17', 390000, 15),
('2024-12-18', 450000, 16),
('2024-12-19', 400000, 17),
('2024-12-20', 180000, 18),
('2024-12-21', 160000, 19),
('2024-12-22', 350000, 20),
('2024-12-23', 500000, 21),
('2024-12-24', 530000, 22),
('2024-12-25', 650000, 23),
('2024-12-26', 420000, 24),
('2024-12-27', 450000, 25),
('2024-12-28', 510000, 26),
('2024-12-29', 480000, 27),
('2024-12-30', 200000, 28),
('2024-12-31', 590000, 29),
('2024-12-01', 250000, 30),
('2024-12-02', 310000, 31),
('2024-12-03', 220000, 32),
('2024-12-04', 320000, 33),
('2024-12-05', 330000, 34),
('2024-12-06', 350000, 35),
('2024-12-07', 380000, 36),
('2024-12-08', 300000, 37),
('2024-12-09', 330000, 38),
('2024-12-10', 390000, 39),
('2024-12-11', 520000, 40),
('2024-12-12', 290000, 41),
('2024-12-13', 280000, 42),
('2024-12-14', 320000, 43),
('2024-12-15', 370000, 44),
('2024-12-16', 420000, 45),
('2024-12-17', 350000, 46),
('2024-12-18', 380000, 47),
('2024-12-19', 400000, 48);


INSERT INTO registros_antiguos (Fecha_registro,tipo, descripcion) VALUES
('2024-12-01', 'delete', 'borraron reportes inactivos');
